name,version,type,purl,license
chevrotain,11.0.3,library,pkg:npm/chevrotain@11.0.3,Apache-2.0
@chevrotain/cst-dts-gen,11.0.3,library,pkg:npm/%40chevrotain/cst-dts-gen@11.0.3,Apache-2.0
@chevrotain/gast,11.0.3,library,pkg:npm/%40chevrotain/gast@11.0.3,Apache-2.0
@chevrotain/types,11.0.3,library,pkg:npm/%40chevrotain/types@11.0.3,Apache-2.0
lodash-es,4.17.21,library,pkg:npm/lodash-es@4.17.21,MIT
@chevrotain/regexp-to-ast,11.0.3,library,pkg:npm/%40chevrotain/regexp-to-ast@11.0.3,Apache-2.0
@chevrotain/utils,11.0.3,library,pkg:npm/%40chevrotain/utils@11.0.3,Apache-2.0
@types/node,20.19.25,library,pkg:npm/%40types/node@20.19.25,MIT
undici-types,6.21.0,library,pkg:npm/undici-types@6.21.0,MIT
@typescript-eslint/eslint-plugin,7.18.0,library,pkg:npm/%40typescript-eslint/eslint-plugin@7.18.0,MIT
@typescript-eslint/parser,7.18.0,library,pkg:npm/%40typescript-eslint/parser@7.18.0,BSD-2-Clause
eslint,8.57.1,library,pkg:npm/eslint@8.57.1,MIT
@eslint-community/eslint-utils,4.9.0,library,pkg:npm/%40eslint-community/eslint-utils@4.9.0,MIT
eslint-visitor-keys,3.4.3,library,pkg:npm/eslint-visitor-keys@3.4.3,Apache-2.0
@eslint-community/regexpp,4.12.2,library,pkg:npm/%40eslint-community/regexpp@4.12.2,MIT
@eslint/eslintrc,2.1.4,library,pkg:npm/%40eslint/eslintrc@2.1.4,MIT
ajv,6.12.6,library,pkg:npm/ajv@6.12.6,MIT
fast-deep-equal,3.1.3,library,pkg:npm/fast-deep-equal@3.1.3,MIT
fast-json-stable-stringify,2.1.0,library,pkg:npm/fast-json-stable-stringify@2.1.0,MIT
json-schema-traverse,0.4.1,library,pkg:npm/json-schema-traverse@0.4.1,MIT
uri-js,4.4.1,library,pkg:npm/uri-js@4.4.1,BSD-2-Clause
punycode,2.3.1,library,pkg:npm/punycode@2.3.1,MIT
debug,4.4.3,library,pkg:npm/debug@4.4.3,MIT
ms,2.1.3,library,pkg:npm/ms@2.1.3,MIT
espree,9.6.1,library,pkg:npm/espree@9.6.1,BSD-2-Clause
acorn,8.15.0,library,pkg:npm/acorn@8.15.0,MIT
acorn-jsx,5.3.2,library,pkg:npm/acorn-jsx@5.3.2,MIT
globals,13.24.0,library,pkg:npm/globals@13.24.0,MIT
type-fest,0.20.2,library,pkg:npm/type-fest@0.20.2,(MIT OR CC0-1.0)
ignore,5.3.2,library,pkg:npm/ignore@5.3.2,MIT
import-fresh,3.3.1,library,pkg:npm/import-fresh@3.3.1,MIT
parent-module,1.0.1,library,pkg:npm/parent-module@1.0.1,MIT
callsites,3.1.0,library,pkg:npm/callsites@3.1.0,MIT
resolve-from,4.0.0,library,pkg:npm/resolve-from@4.0.0,MIT
js-yaml,4.1.1,library,pkg:npm/js-yaml@4.1.1,MIT
argparse,2.0.1,library,pkg:npm/argparse@2.0.1,Python-2.0
minimatch,3.1.2,library,pkg:npm/minimatch@3.1.2,ISC
brace-expansion,1.1.12,library,pkg:npm/brace-expansion@1.1.12,MIT
balanced-match,1.0.2,library,pkg:npm/balanced-match@1.0.2,MIT
concat-map,0.0.1,library,pkg:npm/concat-map@0.0.1,MIT
strip-json-comments,3.1.1,library,pkg:npm/strip-json-comments@3.1.1,MIT
@eslint/js,8.57.1,library,pkg:npm/%40eslint/js@8.57.1,MIT
@humanwhocodes/config-array,0.13.0,library,pkg:npm/%40humanwhocodes/config-array@0.13.0,Apache-2.0
@humanwhocodes/object-schema,2.0.3,library,pkg:npm/%40humanwhocodes/object-schema@2.0.3,BSD-3-Clause
@humanwhocodes/module-importer,1.0.1,library,pkg:npm/%40humanwhocodes/module-importer@1.0.1,Apache-2.0
@nodelib/fs.walk,1.2.8,library,pkg:npm/%40nodelib/fs.walk@1.2.8,MIT
@nodelib/fs.scandir,2.1.5,library,pkg:npm/%40nodelib/fs.scandir@2.1.5,MIT
@nodelib/fs.stat,2.0.5,library,pkg:npm/%40nodelib/fs.stat@2.0.5,MIT
run-parallel,1.2.0,library,pkg:npm/run-parallel@1.2.0,MIT
queue-microtask,1.2.3,library,pkg:npm/queue-microtask@1.2.3,MIT
fastq,1.19.1,library,pkg:npm/fastq@1.19.1,ISC
reusify,1.1.0,library,pkg:npm/reusify@1.1.0,MIT
@ungap/structured-clone,1.3.0,library,pkg:npm/%40ungap/structured-clone@1.3.0,ISC
chalk,4.1.2,library,pkg:npm/chalk@4.1.2,MIT
ansi-styles,4.3.0,library,pkg:npm/ansi-styles@4.3.0,MIT
color-convert,2.0.1,library,pkg:npm/color-convert@2.0.1,MIT
color-name,1.1.4,library,pkg:npm/color-name@1.1.4,MIT
supports-color,7.2.0,library,pkg:npm/supports-color@7.2.0,MIT
has-flag,4.0.0,library,pkg:npm/has-flag@4.0.0,MIT
cross-spawn,7.0.6,library,pkg:npm/cross-spawn@7.0.6,MIT
path-key,3.1.1,library,pkg:npm/path-key@3.1.1,MIT
shebang-command,2.0.0,library,pkg:npm/shebang-command@2.0.0,MIT
shebang-regex,3.0.0,library,pkg:npm/shebang-regex@3.0.0,MIT
which,2.0.2,library,pkg:npm/which@2.0.2,ISC
isexe,2.0.0,library,pkg:npm/isexe@2.0.0,ISC
doctrine,3.0.0,library,pkg:npm/doctrine@3.0.0,Apache-2.0
esutils,2.0.3,library,pkg:npm/esutils@2.0.3,BSD-2-Clause
escape-string-regexp,4.0.0,library,pkg:npm/escape-string-regexp@4.0.0,MIT
eslint-scope,7.2.2,library,pkg:npm/eslint-scope@7.2.2,BSD-2-Clause
esrecurse,4.3.0,library,pkg:npm/esrecurse@4.3.0,BSD-2-Clause
estraverse,5.3.0,library,pkg:npm/estraverse@5.3.0,BSD-2-Clause
esquery,1.6.0,library,pkg:npm/esquery@1.6.0,BSD-3-Clause
file-entry-cache,6.0.1,library,pkg:npm/file-entry-cache@6.0.1,MIT
flat-cache,3.2.0,library,pkg:npm/flat-cache@3.2.0,MIT
flatted,3.3.3,library,pkg:npm/flatted@3.3.3,ISC
keyv,4.5.4,library,pkg:npm/keyv@4.5.4,MIT
json-buffer,3.0.1,library,pkg:npm/json-buffer@3.0.1,MIT
rimraf,3.0.2,library,pkg:npm/rimraf@3.0.2,ISC
glob,7.2.3,library,pkg:npm/glob@7.2.3,ISC
fs.realpath,1.0.0,library,pkg:npm/fs.realpath@1.0.0,ISC
inflight,1.0.6,library,pkg:npm/inflight@1.0.6,ISC
once,1.4.0,library,pkg:npm/once@1.4.0,ISC
wrappy,1.0.2,library,pkg:npm/wrappy@1.0.2,ISC
inherits,2.0.4,library,pkg:npm/inherits@2.0.4,ISC
path-is-absolute,1.0.1,library,pkg:npm/path-is-absolute@1.0.1,MIT
find-up,5.0.0,library,pkg:npm/find-up@5.0.0,MIT
locate-path,6.0.0,library,pkg:npm/locate-path@6.0.0,MIT
p-locate,5.0.0,library,pkg:npm/p-locate@5.0.0,MIT
p-limit,3.1.0,library,pkg:npm/p-limit@3.1.0,MIT
yocto-queue,0.1.0,library,pkg:npm/yocto-queue@0.1.0,MIT
path-exists,4.0.0,library,pkg:npm/path-exists@4.0.0,MIT
glob-parent,6.0.2,library,pkg:npm/glob-parent@6.0.2,ISC
is-glob,4.0.3,library,pkg:npm/is-glob@4.0.3,MIT
is-extglob,2.1.1,library,pkg:npm/is-extglob@2.1.1,MIT
graphemer,1.4.0,library,pkg:npm/graphemer@1.4.0,MIT
imurmurhash,0.1.4,library,pkg:npm/imurmurhash@0.1.4,MIT
is-path-inside,3.0.3,library,pkg:npm/is-path-inside@3.0.3,MIT
json-stable-stringify-without-jsonify,1.0.1,library,pkg:npm/json-stable-stringify-without-jsonify@1.0.1,MIT
levn,0.4.1,library,pkg:npm/levn@0.4.1,MIT
prelude-ls,1.2.1,library,pkg:npm/prelude-ls@1.2.1,MIT
type-check,0.4.0,library,pkg:npm/type-check@0.4.0,MIT
lodash.merge,4.6.2,library,pkg:npm/lodash.merge@4.6.2,MIT
natural-compare,1.4.0,library,pkg:npm/natural-compare@1.4.0,MIT
optionator,0.9.4,library,pkg:npm/optionator@0.9.4,MIT
deep-is,0.1.4,library,pkg:npm/deep-is@0.1.4,MIT
fast-levenshtein,2.0.6,library,pkg:npm/fast-levenshtein@2.0.6,MIT
word-wrap,1.2.5,library,pkg:npm/word-wrap@1.2.5,MIT
strip-ansi,6.0.1,library,pkg:npm/strip-ansi@6.0.1,MIT
ansi-regex,5.0.1,library,pkg:npm/ansi-regex@5.0.1,MIT
text-table,0.2.0,library,pkg:npm/text-table@0.2.0,MIT
@typescript-eslint/scope-manager,7.18.0,library,pkg:npm/%40typescript-eslint/scope-manager@7.18.0,MIT
@typescript-eslint/types,7.18.0,library,pkg:npm/%40typescript-eslint/types@7.18.0,MIT
@typescript-eslint/visitor-keys,7.18.0,library,pkg:npm/%40typescript-eslint/visitor-keys@7.18.0,MIT
@typescript-eslint/typescript-estree,7.18.0,library,pkg:npm/%40typescript-eslint/typescript-estree@7.18.0,BSD-2-Clause
globby,11.1.0,library,pkg:npm/globby@11.1.0,MIT
array-union,2.1.0,library,pkg:npm/array-union@2.1.0,MIT
dir-glob,3.0.1,library,pkg:npm/dir-glob@3.0.1,MIT
path-type,4.0.0,library,pkg:npm/path-type@4.0.0,MIT
fast-glob,3.3.3,library,pkg:npm/fast-glob@3.3.3,MIT
glob-parent,5.1.2,library,pkg:npm/glob-parent@5.1.2,ISC
merge2,1.4.1,library,pkg:npm/merge2@1.4.1,MIT
micromatch,4.0.8,library,pkg:npm/micromatch@4.0.8,MIT
braces,3.0.3,library,pkg:npm/braces@3.0.3,MIT
fill-range,7.1.1,library,pkg:npm/fill-range@7.1.1,MIT
to-regex-range,5.0.1,library,pkg:npm/to-regex-range@5.0.1,MIT
is-number,7.0.0,library,pkg:npm/is-number@7.0.0,MIT
picomatch,2.3.1,library,pkg:npm/picomatch@2.3.1,MIT
slash,3.0.0,library,pkg:npm/slash@3.0.0,MIT
minimatch,9.0.5,library,pkg:npm/minimatch@9.0.5,ISC
brace-expansion,2.0.2,library,pkg:npm/brace-expansion@2.0.2,MIT
semver,7.7.3,library,pkg:npm/semver@7.7.3,ISC
ts-api-utils,1.4.3,library,pkg:npm/ts-api-utils@1.4.3,MIT
typescript,5.9.3,library,pkg:npm/typescript@5.9.3,Apache-2.0
@typescript-eslint/type-utils,7.18.0,library,pkg:npm/%40typescript-eslint/type-utils@7.18.0,MIT
@typescript-eslint/utils,7.18.0,library,pkg:npm/%40typescript-eslint/utils@7.18.0,MIT
@vitest/coverage-v8,1.6.1,library,pkg:npm/%40vitest/coverage-v8@1.6.1,MIT
vitest,1.6.1,framework,pkg:npm/vitest@1.6.1,MIT
@vitest/expect,1.6.1,library,pkg:npm/%40vitest/expect@1.6.1,MIT
@vitest/spy,1.6.1,library,pkg:npm/%40vitest/spy@1.6.1,MIT
tinyspy,2.2.1,library,pkg:npm/tinyspy@2.2.1,MIT
@vitest/utils,1.6.1,library,pkg:npm/%40vitest/utils@1.6.1,MIT
diff-sequences,29.6.3,library,pkg:npm/diff-sequences@29.6.3,MIT
estree-walker,3.0.3,library,pkg:npm/estree-walker@3.0.3,MIT
@types/estree,1.0.8,library,pkg:npm/%40types/estree@1.0.8,MIT
loupe,2.3.7,library,pkg:npm/loupe@2.3.7,MIT
get-func-name,2.0.2,library,pkg:npm/get-func-name@2.0.2,MIT
pretty-format,29.7.0,library,pkg:npm/pretty-format@29.7.0,MIT
@jest/schemas,29.6.3,library,pkg:npm/%40jest/schemas@29.6.3,MIT
@sinclair/typebox,0.27.8,library,pkg:npm/%40sinclair/typebox@0.27.8,MIT
ansi-styles,5.2.0,library,pkg:npm/ansi-styles@5.2.0,MIT
react-is,18.3.1,framework,pkg:npm/react-is@18.3.1,MIT
chai,4.5.0,framework,pkg:npm/chai@4.5.0,MIT
assertion-error,1.1.0,framework,pkg:npm/assertion-error@1.1.0,MIT
check-error,1.0.3,library,pkg:npm/check-error@1.0.3,MIT
deep-eql,4.1.4,library,pkg:npm/deep-eql@4.1.4,MIT
type-detect,4.1.0,library,pkg:npm/type-detect@4.1.0,MIT
pathval,1.1.1,library,pkg:npm/pathval@1.1.1,MIT
@vitest/runner,1.6.1,library,pkg:npm/%40vitest/runner@1.6.1,MIT
p-limit,5.0.0,library,pkg:npm/p-limit@5.0.0,MIT
yocto-queue,1.2.2,library,pkg:npm/yocto-queue@1.2.2,MIT
pathe,1.1.2,library,pkg:npm/pathe@1.1.2,MIT
@vitest/snapshot,1.6.1,library,pkg:npm/%40vitest/snapshot@1.6.1,MIT
magic-string,0.30.21,library,pkg:npm/magic-string@0.30.21,MIT
@jridgewell/sourcemap-codec,1.5.5,library,pkg:npm/%40jridgewell/sourcemap-codec@1.5.5,MIT
acorn-walk,8.3.4,library,pkg:npm/acorn-walk@8.3.4,MIT
execa,8.0.1,library,pkg:npm/execa@8.0.1,MIT
get-stream,8.0.1,library,pkg:npm/get-stream@8.0.1,MIT
human-signals,5.0.0,library,pkg:npm/human-signals@5.0.0,Apache-2.0
is-stream,3.0.0,library,pkg:npm/is-stream@3.0.0,MIT
merge-stream,2.0.0,library,pkg:npm/merge-stream@2.0.0,MIT
npm-run-path,5.3.0,library,pkg:npm/npm-run-path@5.3.0,MIT
path-key,4.0.0,library,pkg:npm/path-key@4.0.0,MIT
onetime,6.0.0,library,pkg:npm/onetime@6.0.0,MIT
mimic-fn,4.0.0,library,pkg:npm/mimic-fn@4.0.0,MIT
signal-exit,4.1.0,library,pkg:npm/signal-exit@4.1.0,ISC
strip-final-newline,3.0.0,library,pkg:npm/strip-final-newline@3.0.0,MIT
local-pkg,0.5.1,library,pkg:npm/local-pkg@0.5.1,MIT
mlly,1.8.0,library,pkg:npm/mlly@1.8.0,MIT
pathe,2.0.3,library,pkg:npm/pathe@2.0.3,MIT
pkg-types,1.3.1,library,pkg:npm/pkg-types@1.3.1,MIT
confbox,0.1.8,library,pkg:npm/confbox@0.1.8,MIT
ufo,1.6.1,library,pkg:npm/ufo@1.6.1,MIT
picocolors,1.1.1,library,pkg:npm/picocolors@1.1.1,ISC
std-env,3.10.0,library,pkg:npm/std-env@3.10.0,MIT
strip-literal,2.1.1,library,pkg:npm/strip-literal@2.1.1,MIT
js-tokens,9.0.1,library,pkg:npm/js-tokens@9.0.1,MIT
tinybench,2.9.0,library,pkg:npm/tinybench@2.9.0,MIT
tinypool,0.8.4,library,pkg:npm/tinypool@0.8.4,MIT
vite,5.4.21,library,pkg:npm/vite@5.4.21,MIT
esbuild,0.21.5,library,pkg:npm/esbuild@0.21.5,MIT
@esbuild/aix-ppc64,0.21.5,library,pkg:npm/%40esbuild/aix-ppc64@0.21.5,MIT
@esbuild/android-arm,0.21.5,library,pkg:npm/%40esbuild/android-arm@0.21.5,MIT
@esbuild/android-arm64,0.21.5,library,pkg:npm/%40esbuild/android-arm64@0.21.5,MIT
@esbuild/android-x64,0.21.5,library,pkg:npm/%40esbuild/android-x64@0.21.5,MIT
@esbuild/darwin-arm64,0.21.5,library,pkg:npm/%40esbuild/darwin-arm64@0.21.5,MIT
@esbuild/darwin-x64,0.21.5,library,pkg:npm/%40esbuild/darwin-x64@0.21.5,MIT
@esbuild/freebsd-arm64,0.21.5,library,pkg:npm/%40esbuild/freebsd-arm64@0.21.5,MIT
@esbuild/freebsd-x64,0.21.5,library,pkg:npm/%40esbuild/freebsd-x64@0.21.5,MIT
@esbuild/linux-arm,0.21.5,library,pkg:npm/%40esbuild/linux-arm@0.21.5,MIT
@esbuild/linux-arm64,0.21.5,library,pkg:npm/%40esbuild/linux-arm64@0.21.5,MIT
@esbuild/linux-ia32,0.21.5,library,pkg:npm/%40esbuild/linux-ia32@0.21.5,MIT
@esbuild/linux-loong64,0.21.5,library,pkg:npm/%40esbuild/linux-loong64@0.21.5,MIT
@esbuild/linux-mips64el,0.21.5,library,pkg:npm/%40esbuild/linux-mips64el@0.21.5,MIT
@esbuild/linux-ppc64,0.21.5,library,pkg:npm/%40esbuild/linux-ppc64@0.21.5,MIT
@esbuild/linux-riscv64,0.21.5,library,pkg:npm/%40esbuild/linux-riscv64@0.21.5,MIT
@esbuild/linux-s390x,0.21.5,library,pkg:npm/%40esbuild/linux-s390x@0.21.5,MIT
@esbuild/linux-x64,0.21.5,library,pkg:npm/%40esbuild/linux-x64@0.21.5,MIT
@esbuild/netbsd-x64,0.21.5,library,pkg:npm/%40esbuild/netbsd-x64@0.21.5,MIT
@esbuild/openbsd-x64,0.21.5,library,pkg:npm/%40esbuild/openbsd-x64@0.21.5,MIT
@esbuild/sunos-x64,0.21.5,library,pkg:npm/%40esbuild/sunos-x64@0.21.5,MIT
@esbuild/win32-arm64,0.21.5,library,pkg:npm/%40esbuild/win32-arm64@0.21.5,MIT
@esbuild/win32-ia32,0.21.5,library,pkg:npm/%40esbuild/win32-ia32@0.21.5,MIT
@esbuild/win32-x64,0.21.5,library,pkg:npm/%40esbuild/win32-x64@0.21.5,MIT
postcss,8.5.6,library,pkg:npm/postcss@8.5.6,MIT
nanoid,3.3.11,library,pkg:npm/nanoid@3.3.11,MIT
source-map-js,1.2.1,library,pkg:npm/source-map-js@1.2.1,BSD-3-Clause
rollup,4.53.3,library,pkg:npm/rollup@4.53.3,MIT
@rollup/rollup-android-arm-eabi,4.53.3,library,pkg:npm/%40rollup/rollup-android-arm-eabi@4.53.3,MIT
@rollup/rollup-android-arm64,4.53.3,library,pkg:npm/%40rollup/rollup-android-arm64@4.53.3,MIT
@rollup/rollup-darwin-arm64,4.53.3,library,pkg:npm/%40rollup/rollup-darwin-arm64@4.53.3,MIT
@rollup/rollup-darwin-x64,4.53.3,library,pkg:npm/%40rollup/rollup-darwin-x64@4.53.3,MIT
@rollup/rollup-freebsd-arm64,4.53.3,library,pkg:npm/%40rollup/rollup-freebsd-arm64@4.53.3,MIT
@rollup/rollup-freebsd-x64,4.53.3,library,pkg:npm/%40rollup/rollup-freebsd-x64@4.53.3,MIT
@rollup/rollup-linux-arm-gnueabihf,4.53.3,library,pkg:npm/%40rollup/rollup-linux-arm-gnueabihf@4.53.3,MIT
@rollup/rollup-linux-arm-musleabihf,4.53.3,library,pkg:npm/%40rollup/rollup-linux-arm-musleabihf@4.53.3,MIT
@rollup/rollup-linux-arm64-gnu,4.53.3,library,pkg:npm/%40rollup/rollup-linux-arm64-gnu@4.53.3,MIT
@rollup/rollup-linux-arm64-musl,4.53.3,library,pkg:npm/%40rollup/rollup-linux-arm64-musl@4.53.3,MIT
@rollup/rollup-linux-loong64-gnu,4.53.3,library,pkg:npm/%40rollup/rollup-linux-loong64-gnu@4.53.3,MIT
@rollup/rollup-linux-ppc64-gnu,4.53.3,library,pkg:npm/%40rollup/rollup-linux-ppc64-gnu@4.53.3,MIT
@rollup/rollup-linux-riscv64-gnu,4.53.3,library,pkg:npm/%40rollup/rollup-linux-riscv64-gnu@4.53.3,MIT
@rollup/rollup-linux-riscv64-musl,4.53.3,library,pkg:npm/%40rollup/rollup-linux-riscv64-musl@4.53.3,MIT
@rollup/rollup-linux-s390x-gnu,4.53.3,library,pkg:npm/%40rollup/rollup-linux-s390x-gnu@4.53.3,MIT
@rollup/rollup-linux-x64-gnu,4.53.3,library,pkg:npm/%40rollup/rollup-linux-x64-gnu@4.53.3,MIT
@rollup/rollup-linux-x64-musl,4.53.3,library,pkg:npm/%40rollup/rollup-linux-x64-musl@4.53.3,MIT
@rollup/rollup-openharmony-arm64,4.53.3,library,pkg:npm/%40rollup/rollup-openharmony-arm64@4.53.3,MIT
@rollup/rollup-win32-arm64-msvc,4.53.3,library,pkg:npm/%40rollup/rollup-win32-arm64-msvc@4.53.3,MIT
@rollup/rollup-win32-ia32-msvc,4.53.3,library,pkg:npm/%40rollup/rollup-win32-ia32-msvc@4.53.3,MIT
@rollup/rollup-win32-x64-gnu,4.53.3,library,pkg:npm/%40rollup/rollup-win32-x64-gnu@4.53.3,MIT
@rollup/rollup-win32-x64-msvc,4.53.3,library,pkg:npm/%40rollup/rollup-win32-x64-msvc@4.53.3,MIT
fsevents,2.3.3,library,pkg:npm/fsevents@2.3.3,MIT
vite-node,1.6.1,library,pkg:npm/vite-node@1.6.1,MIT
cac,6.7.14,framework,pkg:npm/cac@6.7.14,MIT
why-is-node-running,2.3.0,library,pkg:npm/why-is-node-running@2.3.0,MIT
siginfo,2.0.0,library,pkg:npm/siginfo@2.0.0,ISC
stackback,0.0.2,library,pkg:npm/stackback@0.0.2,MIT
@ampproject/remapping,2.3.0,library,pkg:npm/%40ampproject/remapping@2.3.0,Apache-2.0
@jridgewell/gen-mapping,0.3.13,library,pkg:npm/%40jridgewell/gen-mapping@0.3.13,MIT
@jridgewell/trace-mapping,0.3.31,library,pkg:npm/%40jridgewell/trace-mapping@0.3.31,MIT
@jridgewell/resolve-uri,3.1.2,library,pkg:npm/%40jridgewell/resolve-uri@3.1.2,MIT
@bcoe/v8-coverage,0.2.3,library,pkg:npm/%40bcoe/v8-coverage@0.2.3,MIT
istanbul-lib-coverage,3.2.2,library,pkg:npm/istanbul-lib-coverage@3.2.2,BSD-3-Clause
istanbul-lib-report,3.0.1,library,pkg:npm/istanbul-lib-report@3.0.1,BSD-3-Clause
make-dir,4.0.0,library,pkg:npm/make-dir@4.0.0,MIT
istanbul-lib-source-maps,5.0.6,library,pkg:npm/istanbul-lib-source-maps@5.0.6,BSD-3-Clause
istanbul-reports,3.2.0,library,pkg:npm/istanbul-reports@3.2.0,BSD-3-Clause
html-escaper,2.0.2,library,pkg:npm/html-escaper@2.0.2,MIT
magicast,0.3.5,library,pkg:npm/magicast@0.3.5,MIT
@babel/parser,7.29.7,library,pkg:npm/%40babel/parser@7.29.7,MIT
@babel/types,7.29.7,library,pkg:npm/%40babel/types@7.29.7,MIT
@babel/helper-string-parser,7.29.7,library,pkg:npm/%40babel/helper-string-parser@7.29.7,MIT
@babel/helper-validator-identifier,7.29.7,library,pkg:npm/%40babel/helper-validator-identifier@7.29.7,MIT
test-exclude,6.0.0,library,pkg:npm/test-exclude@6.0.0,ISC
@istanbuljs/schema,0.1.3,library,pkg:npm/%40istanbuljs/schema@0.1.3,MIT
@yao-pkg/pkg,6.20.0,library,pkg:npm/%40yao-pkg/pkg@6.20.0,MIT
@babel/generator,7.29.7,library,pkg:npm/%40babel/generator@7.29.7,MIT
jsesc,3.1.0,library,pkg:npm/jsesc@3.1.0,MIT
@babel/traverse,7.29.7,library,pkg:npm/%40babel/traverse@7.29.7,MIT
@babel/code-frame,7.29.7,library,pkg:npm/%40babel/code-frame@7.29.7,MIT
js-tokens,4.0.0,library,pkg:npm/js-tokens@4.0.0,MIT
@babel/helper-globals,7.29.7,library,pkg:npm/%40babel/helper-globals@7.29.7,MIT
@babel/template,7.29.7,library,pkg:npm/%40babel/template@7.29.7,MIT
@roberts_lando/vfs,0.3.3,library,pkg:npm/%40roberts_lando/vfs@0.3.3,MIT
@yao-pkg/pkg-fetch,3.6.3,library,pkg:npm/%40yao-pkg/pkg-fetch@3.6.3,MIT
https-proxy-agent,5.0.1,library,pkg:npm/https-proxy-agent@5.0.1,MIT
agent-base,6.0.2,library,pkg:npm/agent-base@6.0.2,MIT
node-fetch,2.7.0,library,pkg:npm/node-fetch@2.7.0,MIT
whatwg-url,5.0.0,library,pkg:npm/whatwg-url@5.0.0,MIT
tr46,0.0.3,library,pkg:npm/tr46@0.0.3,MIT
webidl-conversions,3.0.1,library,pkg:npm/webidl-conversions@3.0.1,BSD-2-Clause
progress,2.0.3,library,pkg:npm/progress@2.0.3,MIT
tar-fs,3.1.2,library,pkg:npm/tar-fs@3.1.2,MIT
pump,3.0.3,library,pkg:npm/pump@3.0.3,MIT
end-of-stream,1.4.5,library,pkg:npm/end-of-stream@1.4.5,MIT
tar-stream,3.2.0,library,pkg:npm/tar-stream@3.2.0,MIT
b4a,1.8.1,library,pkg:npm/b4a@1.8.1,Apache-2.0
bare-fs,4.7.1,library,pkg:npm/bare-fs@4.7.1,Apache-2.0
bare-events,2.8.3,library,pkg:npm/bare-events@2.8.3,Apache-2.0
bare-path,3.0.0,library,pkg:npm/bare-path@3.0.0,Apache-2.0
bare-os,3.9.1,library,pkg:npm/bare-os@3.9.1,Apache-2.0
bare-stream,2.13.1,library,pkg:npm/bare-stream@2.13.1,Apache-2.0
streamx,2.26.0,library,pkg:npm/streamx@2.26.0,MIT
events-universal,1.0.1,library,pkg:npm/events-universal@1.0.1,Apache-2.0
fast-fifo,1.3.2,library,pkg:npm/fast-fifo@1.3.2,MIT
text-decoder,1.2.7,library,pkg:npm/text-decoder@1.2.7,Apache-2.0
teex,1.0.1,library,pkg:npm/teex@1.0.1,MIT
bare-url,2.4.3,library,pkg:npm/bare-url@2.4.3,Apache-2.0
yargs,16.2.0,library,pkg:npm/yargs@16.2.0,MIT
cliui,7.0.4,library,pkg:npm/cliui@7.0.4,ISC
string-width,4.2.3,library,pkg:npm/string-width@4.2.3,MIT
emoji-regex,8.0.0,library,pkg:npm/emoji-regex@8.0.0,MIT
is-fullwidth-code-point,3.0.0,library,pkg:npm/is-fullwidth-code-point@3.0.0,MIT
wrap-ansi,7.0.0,library,pkg:npm/wrap-ansi@7.0.0,MIT
escalade,3.2.0,library,pkg:npm/escalade@3.2.0,MIT
get-caller-file,2.0.5,library,pkg:npm/get-caller-file@2.0.5,ISC
require-directory,2.1.1,library,pkg:npm/require-directory@2.1.1,MIT
y18n,5.0.8,library,pkg:npm/y18n@5.0.8,ISC
yargs-parser,20.2.9,library,pkg:npm/yargs-parser@20.2.9,ISC
esbuild,0.27.7,library,pkg:npm/esbuild@0.27.7,MIT
@esbuild/aix-ppc64,0.27.7,library,pkg:npm/%40esbuild/aix-ppc64@0.27.7,MIT
@esbuild/android-arm,0.27.7,library,pkg:npm/%40esbuild/android-arm@0.27.7,MIT
@esbuild/android-arm64,0.27.7,library,pkg:npm/%40esbuild/android-arm64@0.27.7,MIT
@esbuild/android-x64,0.27.7,library,pkg:npm/%40esbuild/android-x64@0.27.7,MIT
@esbuild/darwin-arm64,0.27.7,library,pkg:npm/%40esbuild/darwin-arm64@0.27.7,MIT
@esbuild/darwin-x64,0.27.7,library,pkg:npm/%40esbuild/darwin-x64@0.27.7,MIT
@esbuild/freebsd-arm64,0.27.7,library,pkg:npm/%40esbuild/freebsd-arm64@0.27.7,MIT
@esbuild/freebsd-x64,0.27.7,library,pkg:npm/%40esbuild/freebsd-x64@0.27.7,MIT
@esbuild/linux-arm,0.27.7,library,pkg:npm/%40esbuild/linux-arm@0.27.7,MIT
@esbuild/linux-arm64,0.27.7,library,pkg:npm/%40esbuild/linux-arm64@0.27.7,MIT
@esbuild/linux-ia32,0.27.7,library,pkg:npm/%40esbuild/linux-ia32@0.27.7,MIT
@esbuild/linux-loong64,0.27.7,library,pkg:npm/%40esbuild/linux-loong64@0.27.7,MIT
@esbuild/linux-mips64el,0.27.7,library,pkg:npm/%40esbuild/linux-mips64el@0.27.7,MIT
@esbuild/linux-ppc64,0.27.7,library,pkg:npm/%40esbuild/linux-ppc64@0.27.7,MIT
@esbuild/linux-riscv64,0.27.7,library,pkg:npm/%40esbuild/linux-riscv64@0.27.7,MIT
@esbuild/linux-s390x,0.27.7,library,pkg:npm/%40esbuild/linux-s390x@0.27.7,MIT
@esbuild/linux-x64,0.27.7,library,pkg:npm/%40esbuild/linux-x64@0.27.7,MIT
@esbuild/netbsd-arm64,0.27.7,library,pkg:npm/%40esbuild/netbsd-arm64@0.27.7,MIT
@esbuild/netbsd-x64,0.27.7,library,pkg:npm/%40esbuild/netbsd-x64@0.27.7,MIT
@esbuild/openbsd-arm64,0.27.7,library,pkg:npm/%40esbuild/openbsd-arm64@0.27.7,MIT
@esbuild/openbsd-x64,0.27.7,library,pkg:npm/%40esbuild/openbsd-x64@0.27.7,MIT
@esbuild/openharmony-arm64,0.27.7,library,pkg:npm/%40esbuild/openharmony-arm64@0.27.7,MIT
@esbuild/sunos-x64,0.27.7,library,pkg:npm/%40esbuild/sunos-x64@0.27.7,MIT
@esbuild/win32-arm64,0.27.7,library,pkg:npm/%40esbuild/win32-arm64@0.27.7,MIT
@esbuild/win32-ia32,0.27.7,library,pkg:npm/%40esbuild/win32-ia32@0.27.7,MIT
@esbuild/win32-x64,0.27.7,library,pkg:npm/%40esbuild/win32-x64@0.27.7,MIT
into-stream,9.1.0,library,pkg:npm/into-stream@9.1.0,MIT
multistream,4.1.0,library,pkg:npm/multistream@4.1.0,MIT
readable-stream,3.6.2,library,pkg:npm/readable-stream@3.6.2,MIT
string_decoder,1.1.1,library,pkg:npm/string_decoder@1.1.1,MIT
safe-buffer,5.1.2,library,pkg:npm/safe-buffer@5.1.2,MIT
util-deprecate,1.0.2,library,pkg:npm/util-deprecate@1.0.2,MIT
picomatch,4.0.4,library,pkg:npm/picomatch@4.0.4,MIT
postject,1.0.0-alpha.6,library,pkg:npm/postject@1.0.0-alpha.6,MIT
commander,9.5.0,library,pkg:npm/commander@9.5.0,MIT
prebuild-install,7.1.1,library,pkg:npm/prebuild-install@7.1.1,MIT
detect-libc,2.1.2,library,pkg:npm/detect-libc@2.1.2,Apache-2.0
expand-template,2.0.3,library,pkg:npm/expand-template@2.0.3,(MIT OR WTFPL)
github-from-package,0.0.0,library,pkg:npm/github-from-package@0.0.0,MIT
minimist,1.2.8,library,pkg:npm/minimist@1.2.8,MIT
mkdirp-classic,0.5.3,library,pkg:npm/mkdirp-classic@0.5.3,MIT
napi-build-utils,1.0.2,library,pkg:npm/napi-build-utils@1.0.2,MIT
node-abi,3.85.0,library,pkg:npm/node-abi@3.85.0,MIT
rc,1.2.8,library,pkg:npm/rc@1.2.8,(BSD-2-Clause OR MIT OR Apache-2.0)
deep-extend,0.6.0,library,pkg:npm/deep-extend@0.6.0,MIT
ini,1.3.8,library,pkg:npm/ini@1.3.8,ISC
strip-json-comments,2.0.1,library,pkg:npm/strip-json-comments@2.0.1,MIT
simple-get,4.0.1,library,pkg:npm/simple-get@4.0.1,MIT
decompress-response,6.0.0,library,pkg:npm/decompress-response@6.0.0,MIT
mimic-response,3.1.0,library,pkg:npm/mimic-response@3.1.0,MIT
simple-concat,1.0.1,library,pkg:npm/simple-concat@1.0.1,MIT
tar-fs,2.1.4,library,pkg:npm/tar-fs@2.1.4,MIT
chownr,1.1.4,library,pkg:npm/chownr@1.1.4,ISC
tar-stream,2.2.0,library,pkg:npm/tar-stream@2.2.0,MIT
bl,4.1.0,library,pkg:npm/bl@4.1.0,MIT
buffer,5.7.1,library,pkg:npm/buffer@5.7.1,MIT
base64-js,1.5.1,library,pkg:npm/base64-js@1.5.1,MIT
ieee754,1.2.1,library,pkg:npm/ieee754@1.2.1,BSD-3-Clause
fs-constants,1.0.0,library,pkg:npm/fs-constants@1.0.0,MIT
tunnel-agent,0.6.0,library,pkg:npm/tunnel-agent@0.6.0,Apache-2.0
resolve,1.22.11,library,pkg:npm/resolve@1.22.11,MIT
is-core-module,2.16.1,library,pkg:npm/is-core-module@2.16.1,MIT
hasown,2.0.2,library,pkg:npm/hasown@2.0.2,MIT
function-bind,1.1.2,library,pkg:npm/function-bind@1.1.2,MIT
path-parse,1.0.7,library,pkg:npm/path-parse@1.0.7,MIT
supports-preserve-symlinks-flag,1.0.0,library,pkg:npm/supports-preserve-symlinks-flag@1.0.0,MIT
resolve.exports,2.0.3,library,pkg:npm/resolve.exports@2.0.3,MIT
stream-meter,1.0.4,library,pkg:npm/stream-meter@1.0.4,MIT
readable-stream,2.3.8,library,pkg:npm/readable-stream@2.3.8,MIT
core-util-is,1.0.3,library,pkg:npm/core-util-is@1.0.3,MIT
isarray,1.0.0,library,pkg:npm/isarray@1.0.0,MIT
process-nextick-args,2.0.1,library,pkg:npm/process-nextick-args@2.0.1,MIT
tar,7.5.15,library,pkg:npm/tar@7.5.15,BlueOak-1.0.0
@isaacs/fs-minipass,4.0.1,library,pkg:npm/%40isaacs/fs-minipass@4.0.1,ISC
minipass,7.1.3,library,pkg:npm/minipass@7.1.3,BlueOak-1.0.0
chownr,3.0.0,library,pkg:npm/chownr@3.0.0,BlueOak-1.0.0
minizlib,3.1.0,library,pkg:npm/minizlib@3.1.0,MIT
yallist,5.0.0,library,pkg:npm/yallist@5.0.0,BlueOak-1.0.0
tinyglobby,0.2.17,library,pkg:npm/tinyglobby@0.2.17,MIT
fdir,6.5.0,library,pkg:npm/fdir@6.5.0,MIT
unzipper,0.12.3,library,pkg:npm/unzipper@0.12.3,MIT
bluebird,3.7.2,library,pkg:npm/bluebird@3.7.2,MIT
duplexer2,0.1.4,library,pkg:npm/duplexer2@0.1.4,BSD-3-Clause
fs-extra,11.3.5,library,pkg:npm/fs-extra@11.3.5,MIT
graceful-fs,4.2.11,library,pkg:npm/graceful-fs@4.2.11,ISC
jsonfile,6.2.0,library,pkg:npm/jsonfile@6.2.0,MIT
universalify,2.0.1,library,pkg:npm/universalify@2.0.1,MIT
node-int64,0.4.0,library,pkg:npm/node-int64@0.4.0,MIT
husky,9.1.7,library,pkg:npm/husky@9.1.7,MIT
lint-staged,15.5.2,library,pkg:npm/lint-staged@15.5.2,MIT
chalk,5.6.2,library,pkg:npm/chalk@5.6.2,MIT
commander,13.1.0,library,pkg:npm/commander@13.1.0,MIT
lilconfig,3.1.3,library,pkg:npm/lilconfig@3.1.3,MIT
listr2,8.3.3,library,pkg:npm/listr2@8.3.3,MIT
cli-truncate,4.0.0,library,pkg:npm/cli-truncate@4.0.0,MIT
slice-ansi,5.0.0,library,pkg:npm/slice-ansi@5.0.0,MIT
ansi-styles,6.2.3,library,pkg:npm/ansi-styles@6.2.3,MIT
is-fullwidth-code-point,4.0.0,library,pkg:npm/is-fullwidth-code-point@4.0.0,MIT
string-width,7.2.0,library,pkg:npm/string-width@7.2.0,MIT
emoji-regex,10.6.0,library,pkg:npm/emoji-regex@10.6.0,MIT
get-east-asian-width,1.4.0,library,pkg:npm/get-east-asian-width@1.4.0,MIT
strip-ansi,7.1.2,library,pkg:npm/strip-ansi@7.1.2,MIT
ansi-regex,6.2.2,library,pkg:npm/ansi-regex@6.2.2,MIT
colorette,2.0.20,library,pkg:npm/colorette@2.0.20,MIT
eventemitter3,5.0.4,library,pkg:npm/eventemitter3@5.0.4,MIT
log-update,6.1.0,library,pkg:npm/log-update@6.1.0,MIT
ansi-escapes,7.3.0,library,pkg:npm/ansi-escapes@7.3.0,MIT
environment,1.1.0,library,pkg:npm/environment@1.1.0,MIT
cli-cursor,5.0.0,library,pkg:npm/cli-cursor@5.0.0,MIT
restore-cursor,5.1.0,library,pkg:npm/restore-cursor@5.1.0,MIT
onetime,7.0.0,library,pkg:npm/onetime@7.0.0,MIT
mimic-function,5.0.1,library,pkg:npm/mimic-function@5.0.1,MIT
slice-ansi,7.1.2,library,pkg:npm/slice-ansi@7.1.2,MIT
is-fullwidth-code-point,5.1.0,library,pkg:npm/is-fullwidth-code-point@5.1.0,MIT
wrap-ansi,9.0.2,library,pkg:npm/wrap-ansi@9.0.2,MIT
rfdc,1.4.1,library,pkg:npm/rfdc@1.4.1,MIT
pidtree,0.6.0,library,pkg:npm/pidtree@0.6.0,MIT
string-argv,0.3.2,library,pkg:npm/string-argv@0.3.2,MIT
yaml,2.8.2,library,pkg:npm/yaml@2.8.2,ISC
prettier,3.7.4,library,pkg:npm/prettier@3.7.4,MIT
@types/vscode,1.109.0,library,pkg:npm/%40types/vscode@1.109.0,MIT
@vscode/vsce,3.7.1,library,pkg:npm/%40vscode/vsce@3.7.1,MIT
@azure/identity,4.13.0,library,pkg:npm/%40azure/identity@4.13.0,MIT
@azure/abort-controller,2.1.2,library,pkg:npm/%40azure/abort-controller@2.1.2,MIT
tslib,2.8.1,library,pkg:npm/tslib@2.8.1,0BSD
@azure/core-auth,1.10.1,library,pkg:npm/%40azure/core-auth@1.10.1,MIT
@azure/core-util,1.13.1,library,pkg:npm/%40azure/core-util@1.13.1,MIT
@typespec/ts-http-runtime,0.3.4,library,pkg:npm/%40typespec/ts-http-runtime@0.3.4,MIT
http-proxy-agent,7.0.2,library,pkg:npm/http-proxy-agent@7.0.2,MIT
agent-base,7.1.4,library,pkg:npm/agent-base@7.1.4,MIT
https-proxy-agent,7.0.6,library,pkg:npm/https-proxy-agent@7.0.6,MIT
@azure/core-client,1.10.1,library,pkg:npm/%40azure/core-client@1.10.1,MIT
@azure/core-rest-pipeline,1.23.0,library,pkg:npm/%40azure/core-rest-pipeline@1.23.0,MIT
@azure/core-tracing,1.3.1,library,pkg:npm/%40azure/core-tracing@1.3.1,MIT
@azure/logger,1.3.0,library,pkg:npm/%40azure/logger@1.3.0,MIT
@azure/msal-browser,4.29.1,library,pkg:npm/%40azure/msal-browser@4.29.1,MIT
@azure/msal-common,15.16.1,library,pkg:npm/%40azure/msal-common@15.16.1,MIT
@azure/msal-node,3.8.9,library,pkg:npm/%40azure/msal-node@3.8.9,MIT
jsonwebtoken,9.0.3,library,pkg:npm/jsonwebtoken@9.0.3,MIT
jws,4.0.1,library,pkg:npm/jws@4.0.1,MIT
jwa,2.0.1,library,pkg:npm/jwa@2.0.1,MIT
buffer-equal-constant-time,1.0.1,library,pkg:npm/buffer-equal-constant-time@1.0.1,BSD-3-Clause
ecdsa-sig-formatter,1.0.11,library,pkg:npm/ecdsa-sig-formatter@1.0.11,Apache-2.0
safe-buffer,5.2.1,library,pkg:npm/safe-buffer@5.2.1,MIT
lodash.includes,4.3.0,library,pkg:npm/lodash.includes@4.3.0,MIT
lodash.isboolean,3.0.3,library,pkg:npm/lodash.isboolean@3.0.3,MIT
lodash.isinteger,4.0.4,library,pkg:npm/lodash.isinteger@4.0.4,MIT
lodash.isnumber,3.0.3,library,pkg:npm/lodash.isnumber@3.0.3,MIT
lodash.isplainobject,4.0.6,library,pkg:npm/lodash.isplainobject@4.0.6,MIT
lodash.isstring,4.0.1,library,pkg:npm/lodash.isstring@4.0.1,MIT
lodash.once,4.1.1,library,pkg:npm/lodash.once@4.1.1,MIT
semver,7.7.4,library,pkg:npm/semver@7.7.4,ISC
uuid,8.3.2,library,pkg:npm/uuid@8.3.2,MIT
open,10.2.0,library,pkg:npm/open@10.2.0,MIT
default-browser,5.5.0,library,pkg:npm/default-browser@5.5.0,MIT
bundle-name,4.1.0,library,pkg:npm/bundle-name@4.1.0,MIT
run-applescript,7.1.0,library,pkg:npm/run-applescript@7.1.0,MIT
default-browser-id,5.0.1,library,pkg:npm/default-browser-id@5.0.1,MIT
define-lazy-prop,3.0.0,library,pkg:npm/define-lazy-prop@3.0.0,MIT
is-inside-container,1.0.0,library,pkg:npm/is-inside-container@1.0.0,MIT
is-docker,3.0.0,library,pkg:npm/is-docker@3.0.0,MIT
wsl-utils,0.1.0,library,pkg:npm/wsl-utils@0.1.0,MIT
is-wsl,3.1.1,library,pkg:npm/is-wsl@3.1.1,MIT
@secretlint/node,10.2.2,library,pkg:npm/%40secretlint/node@10.2.2,MIT
@secretlint/config-loader,10.2.2,library,pkg:npm/%40secretlint/config-loader@10.2.2,MIT
@secretlint/profiler,10.2.2,library,pkg:npm/%40secretlint/profiler@10.2.2,MIT
@secretlint/resolver,10.2.2,library,pkg:npm/%40secretlint/resolver@10.2.2,MIT
@secretlint/types,10.2.2,library,pkg:npm/%40secretlint/types@10.2.2,MIT
ajv,8.18.0,library,pkg:npm/ajv@8.18.0,MIT
fast-uri,3.1.0,library,pkg:npm/fast-uri@3.1.0,BSD-3-Clause
json-schema-traverse,1.0.0,library,pkg:npm/json-schema-traverse@1.0.0,MIT
require-from-string,2.0.2,library,pkg:npm/require-from-string@2.0.2,MIT
rc-config-loader,4.1.4,library,pkg:npm/rc-config-loader@4.1.4,MIT
json5,2.2.3,library,pkg:npm/json5@2.2.3,MIT
@secretlint/core,10.2.2,library,pkg:npm/%40secretlint/core@10.2.2,MIT
structured-source,4.0.0,library,pkg:npm/structured-source@4.0.0,BSD-2-Clause
boundary,2.0.0,library,pkg:npm/boundary@2.0.0,BSD-2-Clause
@secretlint/formatter,10.2.2,library,pkg:npm/%40secretlint/formatter@10.2.2,MIT
@textlint/linter-formatter,15.5.2,library,pkg:npm/%40textlint/linter-formatter@15.5.2,MIT
@azu/format-text,1.0.2,library,pkg:npm/%40azu/format-text@1.0.2,BSD-3-Clause
@azu/style-format,1.0.1,library,pkg:npm/%40azu/style-format@1.0.1,WTFPL
@textlint/module-interop,15.5.2,library,pkg:npm/%40textlint/module-interop@15.5.2,MIT
@textlint/resolver,15.5.2,library,pkg:npm/%40textlint/resolver@15.5.2,MIT
@textlint/types,15.5.2,library,pkg:npm/%40textlint/types@15.5.2,MIT
@textlint/ast-node-types,15.5.2,library,pkg:npm/%40textlint/ast-node-types@15.5.2,MIT
lodash,4.17.23,library,pkg:npm/lodash@4.17.23,MIT
pluralize,2.0.0,library,pkg:npm/pluralize@2.0.0,MIT
table,6.9.0,library,pkg:npm/table@6.9.0,BSD-3-Clause
lodash.truncate,4.4.2,library,pkg:npm/lodash.truncate@4.4.2,MIT
slice-ansi,4.0.0,library,pkg:npm/slice-ansi@4.0.0,MIT
astral-regex,2.0.0,library,pkg:npm/astral-regex@2.0.0,MIT
pluralize,8.0.0,library,pkg:npm/pluralize@8.0.0,MIT
strip-ansi,7.2.0,library,pkg:npm/strip-ansi@7.2.0,MIT
terminal-link,4.0.0,library,pkg:npm/terminal-link@4.0.0,MIT
supports-hyperlinks,3.2.0,library,pkg:npm/supports-hyperlinks@3.2.0,MIT
@secretlint/source-creator,10.2.2,library,pkg:npm/%40secretlint/source-creator@10.2.2,MIT
istextorbinary,9.5.0,library,pkg:npm/istextorbinary@9.5.0,Artistic-2.0
binaryextensions,6.11.0,library,pkg:npm/binaryextensions@6.11.0,Artistic-2.0
editions,6.22.0,library,pkg:npm/editions@6.22.0,Artistic-2.0
version-range,4.15.0,library,pkg:npm/version-range@4.15.0,Artistic-2.0
textextensions,6.11.0,library,pkg:npm/textextensions@6.11.0,Artistic-2.0
p-map,7.0.4,library,pkg:npm/p-map@7.0.4,MIT
@secretlint/secretlint-formatter-sarif,10.2.2,library,pkg:npm/%40secretlint/secretlint-formatter-sarif@10.2.2,MIT
node-sarif-builder,3.4.0,library,pkg:npm/node-sarif-builder@3.4.0,MIT
@types/sarif,2.1.7,library,pkg:npm/%40types/sarif@2.1.7,MIT
fs-extra,11.3.4,library,pkg:npm/fs-extra@11.3.4,MIT
@secretlint/secretlint-rule-no-dotenv,10.2.2,library,pkg:npm/%40secretlint/secretlint-rule-no-dotenv@10.2.2,MIT
@secretlint/secretlint-rule-preset-recommend,10.2.2,library,pkg:npm/%40secretlint/secretlint-rule-preset-recommend@10.2.2,MIT
@vscode/vsce-sign,2.0.9,library,pkg:npm/%40vscode/vsce-sign@2.0.9,SEE LICENSE IN LICENSE.txt
@vscode/vsce-sign-alpine-arm64,2.0.6,library,pkg:npm/%40vscode/vsce-sign-alpine-arm64@2.0.6,SEE LICENSE IN LICENSE.txt
@vscode/vsce-sign-alpine-x64,2.0.6,library,pkg:npm/%40vscode/vsce-sign-alpine-x64@2.0.6,SEE LICENSE IN LICENSE.txt
@vscode/vsce-sign-darwin-arm64,2.0.6,library,pkg:npm/%40vscode/vsce-sign-darwin-arm64@2.0.6,SEE LICENSE IN LICENSE.txt
@vscode/vsce-sign-darwin-x64,2.0.6,library,pkg:npm/%40vscode/vsce-sign-darwin-x64@2.0.6,SEE LICENSE IN LICENSE.txt
@vscode/vsce-sign-linux-arm,2.0.6,library,pkg:npm/%40vscode/vsce-sign-linux-arm@2.0.6,SEE LICENSE IN LICENSE.txt
@vscode/vsce-sign-linux-arm64,2.0.6,library,pkg:npm/%40vscode/vsce-sign-linux-arm64@2.0.6,SEE LICENSE IN LICENSE.txt
@vscode/vsce-sign-linux-x64,2.0.6,library,pkg:npm/%40vscode/vsce-sign-linux-x64@2.0.6,SEE LICENSE IN LICENSE.txt
@vscode/vsce-sign-win32-arm64,2.0.6,library,pkg:npm/%40vscode/vsce-sign-win32-arm64@2.0.6,SEE LICENSE IN LICENSE.txt
@vscode/vsce-sign-win32-x64,2.0.6,library,pkg:npm/%40vscode/vsce-sign-win32-x64@2.0.6,SEE LICENSE IN LICENSE.txt
azure-devops-node-api,12.5.0,library,pkg:npm/azure-devops-node-api@12.5.0,MIT
tunnel,0.0.6,library,pkg:npm/tunnel@0.0.6,MIT
typed-rest-client,1.8.11,library,pkg:npm/typed-rest-client@1.8.11,MIT
qs,6.15.0,library,pkg:npm/qs@6.15.0,BSD-3-Clause
side-channel,1.1.0,library,pkg:npm/side-channel@1.1.0,MIT
es-errors,1.3.0,library,pkg:npm/es-errors@1.3.0,MIT
object-inspect,1.13.4,library,pkg:npm/object-inspect@1.13.4,MIT
side-channel-list,1.0.0,library,pkg:npm/side-channel-list@1.0.0,MIT
side-channel-map,1.0.1,library,pkg:npm/side-channel-map@1.0.1,MIT
call-bound,1.0.4,library,pkg:npm/call-bound@1.0.4,MIT
call-bind-apply-helpers,1.0.2,library,pkg:npm/call-bind-apply-helpers@1.0.2,MIT
get-intrinsic,1.3.0,library,pkg:npm/get-intrinsic@1.3.0,MIT
es-define-property,1.0.1,library,pkg:npm/es-define-property@1.0.1,MIT
es-object-atoms,1.1.1,library,pkg:npm/es-object-atoms@1.1.1,MIT
get-proto,1.0.1,library,pkg:npm/get-proto@1.0.1,MIT
dunder-proto,1.0.1,library,pkg:npm/dunder-proto@1.0.1,MIT
gopd,1.2.0,library,pkg:npm/gopd@1.2.0,MIT
has-symbols,1.1.0,library,pkg:npm/has-symbols@1.1.0,MIT
math-intrinsics,1.1.0,library,pkg:npm/math-intrinsics@1.1.0,MIT
side-channel-weakmap,1.0.2,library,pkg:npm/side-channel-weakmap@1.0.2,MIT
underscore,1.13.8,library,pkg:npm/underscore@1.13.8,MIT
cheerio,1.2.0,library,pkg:npm/cheerio@1.2.0,MIT
cheerio-select,2.1.0,library,pkg:npm/cheerio-select@2.1.0,BSD-2-Clause
boolbase,1.0.0,library,pkg:npm/boolbase@1.0.0,ISC
css-select,5.2.2,library,pkg:npm/css-select@5.2.2,BSD-2-Clause
css-what,6.2.2,library,pkg:npm/css-what@6.2.2,BSD-2-Clause
domhandler,5.0.3,library,pkg:npm/domhandler@5.0.3,BSD-2-Clause
domelementtype,2.3.0,library,pkg:npm/domelementtype@2.3.0,BSD-2-Clause
domutils,3.2.2,library,pkg:npm/domutils@3.2.2,BSD-2-Clause
dom-serializer,2.0.0,library,pkg:npm/dom-serializer@2.0.0,MIT
entities,4.5.0,library,pkg:npm/entities@4.5.0,BSD-2-Clause
nth-check,2.1.1,library,pkg:npm/nth-check@2.1.1,BSD-2-Clause
encoding-sniffer,0.2.1,library,pkg:npm/encoding-sniffer@0.2.1,MIT
iconv-lite,0.6.3,library,pkg:npm/iconv-lite@0.6.3,MIT
safer-buffer,2.1.2,library,pkg:npm/safer-buffer@2.1.2,MIT
whatwg-encoding,3.1.1,library,pkg:npm/whatwg-encoding@3.1.1,MIT
htmlparser2,10.1.0,library,pkg:npm/htmlparser2@10.1.0,MIT
entities,7.0.1,library,pkg:npm/entities@7.0.1,BSD-2-Clause
parse5,7.3.0,library,pkg:npm/parse5@7.3.0,MIT
entities,6.0.1,library,pkg:npm/entities@6.0.1,BSD-2-Clause
parse5-htmlparser2-tree-adapter,7.1.0,library,pkg:npm/parse5-htmlparser2-tree-adapter@7.1.0,MIT
parse5-parser-stream,7.1.2,library,pkg:npm/parse5-parser-stream@7.1.2,MIT
undici,7.24.4,library,pkg:npm/undici@7.24.4,MIT
whatwg-mimetype,4.0.0,library,pkg:npm/whatwg-mimetype@4.0.0,MIT
cockatiel,3.2.1,library,pkg:npm/cockatiel@3.2.1,MIT
commander,12.1.0,library,pkg:npm/commander@12.1.0,MIT
form-data,4.0.5,library,pkg:npm/form-data@4.0.5,MIT
asynckit,0.4.0,library,pkg:npm/asynckit@0.4.0,MIT
combined-stream,1.0.8,library,pkg:npm/combined-stream@1.0.8,MIT
delayed-stream,1.0.0,library,pkg:npm/delayed-stream@1.0.0,MIT
es-set-tostringtag,2.1.0,library,pkg:npm/es-set-tostringtag@2.1.0,MIT
has-tostringtag,1.0.2,library,pkg:npm/has-tostringtag@1.0.2,MIT
mime-types,2.1.35,library,pkg:npm/mime-types@2.1.35,MIT
mime-db,1.52.0,library,pkg:npm/mime-db@1.52.0,MIT
glob,11.1.0,library,pkg:npm/glob@11.1.0,BlueOak-1.0.0
foreground-child,3.3.1,library,pkg:npm/foreground-child@3.3.1,ISC
jackspeak,4.2.3,library,pkg:npm/jackspeak@4.2.3,BlueOak-1.0.0
@isaacs/cliui,9.0.0,library,pkg:npm/%40isaacs/cliui@9.0.0,BlueOak-1.0.0
minimatch,10.2.4,library,pkg:npm/minimatch@10.2.4,BlueOak-1.0.0
brace-expansion,5.0.4,library,pkg:npm/brace-expansion@5.0.4,MIT
balanced-match,4.0.4,library,pkg:npm/balanced-match@4.0.4,MIT
package-json-from-dist,1.0.1,library,pkg:npm/package-json-from-dist@1.0.1,BlueOak-1.0.0
path-scurry,2.0.2,library,pkg:npm/path-scurry@2.0.2,BlueOak-1.0.0
lru-cache,11.2.7,library,pkg:npm/lru-cache@11.2.7,BlueOak-1.0.0
hosted-git-info,4.1.0,library,pkg:npm/hosted-git-info@4.1.0,ISC
lru-cache,6.0.0,library,pkg:npm/lru-cache@6.0.0,ISC
yallist,4.0.0,library,pkg:npm/yallist@4.0.0,ISC
jsonc-parser,3.3.1,library,pkg:npm/jsonc-parser@3.3.1,MIT
leven,3.1.0,library,pkg:npm/leven@3.1.0,MIT
markdown-it,14.1.1,library,pkg:npm/markdown-it@14.1.1,MIT
linkify-it,5.0.0,library,pkg:npm/linkify-it@5.0.0,MIT
uc.micro,2.1.0,library,pkg:npm/uc.micro@2.1.0,MIT
mdurl,2.0.0,library,pkg:npm/mdurl@2.0.0,MIT
punycode.js,2.3.1,library,pkg:npm/punycode.js@2.3.1,MIT
mime,1.6.0,library,pkg:npm/mime@1.6.0,MIT
minimatch,3.1.5,library,pkg:npm/minimatch@3.1.5,ISC
parse-semver,1.1.1,library,pkg:npm/parse-semver@1.1.1,MIT
semver,5.7.2,library,pkg:npm/semver@5.7.2,ISC
read,1.0.7,library,pkg:npm/read@1.0.7,ISC
mute-stream,0.0.8,library,pkg:npm/mute-stream@0.0.8,ISC
secretlint,10.2.2,library,pkg:npm/secretlint@10.2.2,MIT
@secretlint/config-creator,10.2.2,library,pkg:npm/%40secretlint/config-creator@10.2.2,MIT
globby,14.1.0,library,pkg:npm/globby@14.1.0,MIT
@sindresorhus/merge-streams,2.3.0,library,pkg:npm/%40sindresorhus/merge-streams@2.3.0,MIT
fastq,1.20.1,library,pkg:npm/fastq@1.20.1,ISC
ignore,7.0.5,library,pkg:npm/ignore@7.0.5,MIT
path-type,6.0.0,library,pkg:npm/path-type@6.0.0,MIT
slash,5.1.0,library,pkg:npm/slash@5.1.0,MIT
unicorn-magic,0.3.0,library,pkg:npm/unicorn-magic@0.3.0,MIT
read-pkg,9.0.1,library,pkg:npm/read-pkg@9.0.1,MIT
@types/normalize-package-data,2.4.4,library,pkg:npm/%40types/normalize-package-data@2.4.4,MIT
normalize-package-data,6.0.2,library,pkg:npm/normalize-package-data@6.0.2,BSD-2-Clause
hosted-git-info,7.0.2,library,pkg:npm/hosted-git-info@7.0.2,ISC
lru-cache,10.4.3,library,pkg:npm/lru-cache@10.4.3,ISC
validate-npm-package-license,3.0.4,library,pkg:npm/validate-npm-package-license@3.0.4,Apache-2.0
spdx-correct,3.2.0,library,pkg:npm/spdx-correct@3.2.0,Apache-2.0
spdx-expression-parse,3.0.1,library,pkg:npm/spdx-expression-parse@3.0.1,MIT
spdx-exceptions,2.5.0,library,pkg:npm/spdx-exceptions@2.5.0,CC-BY-3.0
spdx-license-ids,3.0.23,library,pkg:npm/spdx-license-ids@3.0.23,CC0-1.0
parse-json,8.3.0,library,pkg:npm/parse-json@8.3.0,MIT
@babel/code-frame,7.29.0,library,pkg:npm/%40babel/code-frame@7.29.0,MIT
@babel/helper-validator-identifier,7.28.5,library,pkg:npm/%40babel/helper-validator-identifier@7.28.5,MIT
index-to-position,1.2.0,library,pkg:npm/index-to-position@1.2.0,MIT
type-fest,4.41.0,library,pkg:npm/type-fest@4.41.0,(MIT OR CC0-1.0)
unicorn-magic,0.1.0,library,pkg:npm/unicorn-magic@0.1.0,MIT
tmp,0.2.5,library,pkg:npm/tmp@0.2.5,MIT
url-join,4.0.1,library,pkg:npm/url-join@4.0.1,MIT
xml2js,0.5.0,library,pkg:npm/xml2js@0.5.0,MIT
sax,1.6.0,framework,pkg:npm/sax@1.6.0,BlueOak-1.0.0
xmlbuilder,11.0.1,library,pkg:npm/xmlbuilder@11.0.1,MIT
yauzl,2.10.0,library,pkg:npm/yauzl@2.10.0,MIT
buffer-crc32,0.2.13,library,pkg:npm/buffer-crc32@0.2.13,MIT
fd-slicer,1.1.0,library,pkg:npm/fd-slicer@1.1.0,MIT
pend,1.2.0,library,pkg:npm/pend@1.2.0,MIT
yazl,2.5.1,library,pkg:npm/yazl@2.5.1,MIT
keytar,7.9.0,library,pkg:npm/keytar@7.9.0,MIT
node-addon-api,4.3.0,library,pkg:npm/node-addon-api@4.3.0,MIT
prebuild-install,7.1.3,library,pkg:npm/prebuild-install@7.1.3,MIT
napi-build-utils,2.0.0,library,pkg:npm/napi-build-utils@2.0.0,MIT
node-abi,3.89.0,library,pkg:npm/node-abi@3.89.0,MIT
pump,3.0.4,library,pkg:npm/pump@3.0.4,MIT
string_decoder,1.3.0,library,pkg:npm/string_decoder@1.3.0,MIT
esbuild,0.24.2,library,pkg:npm/esbuild@0.24.2,MIT
@esbuild/aix-ppc64,0.24.2,library,pkg:npm/%40esbuild/aix-ppc64@0.24.2,MIT
@esbuild/android-arm,0.24.2,library,pkg:npm/%40esbuild/android-arm@0.24.2,MIT
@esbuild/android-arm64,0.24.2,library,pkg:npm/%40esbuild/android-arm64@0.24.2,MIT
@esbuild/android-x64,0.24.2,library,pkg:npm/%40esbuild/android-x64@0.24.2,MIT
@esbuild/darwin-arm64,0.24.2,library,pkg:npm/%40esbuild/darwin-arm64@0.24.2,MIT
@esbuild/darwin-x64,0.24.2,library,pkg:npm/%40esbuild/darwin-x64@0.24.2,MIT
@esbuild/freebsd-arm64,0.24.2,library,pkg:npm/%40esbuild/freebsd-arm64@0.24.2,MIT
@esbuild/freebsd-x64,0.24.2,library,pkg:npm/%40esbuild/freebsd-x64@0.24.2,MIT
@esbuild/linux-arm,0.24.2,library,pkg:npm/%40esbuild/linux-arm@0.24.2,MIT
@esbuild/linux-arm64,0.24.2,library,pkg:npm/%40esbuild/linux-arm64@0.24.2,MIT
@esbuild/linux-ia32,0.24.2,library,pkg:npm/%40esbuild/linux-ia32@0.24.2,MIT
@esbuild/linux-loong64,0.24.2,library,pkg:npm/%40esbuild/linux-loong64@0.24.2,MIT
@esbuild/linux-mips64el,0.24.2,library,pkg:npm/%40esbuild/linux-mips64el@0.24.2,MIT
@esbuild/linux-ppc64,0.24.2,library,pkg:npm/%40esbuild/linux-ppc64@0.24.2,MIT
@esbuild/linux-riscv64,0.24.2,library,pkg:npm/%40esbuild/linux-riscv64@0.24.2,MIT
@esbuild/linux-s390x,0.24.2,library,pkg:npm/%40esbuild/linux-s390x@0.24.2,MIT
@esbuild/linux-x64,0.24.2,library,pkg:npm/%40esbuild/linux-x64@0.24.2,MIT
@esbuild/netbsd-arm64,0.24.2,library,pkg:npm/%40esbuild/netbsd-arm64@0.24.2,MIT
@esbuild/netbsd-x64,0.24.2,library,pkg:npm/%40esbuild/netbsd-x64@0.24.2,MIT
@esbuild/openbsd-arm64,0.24.2,library,pkg:npm/%40esbuild/openbsd-arm64@0.24.2,MIT
@esbuild/openbsd-x64,0.24.2,library,pkg:npm/%40esbuild/openbsd-x64@0.24.2,MIT
@esbuild/sunos-x64,0.24.2,library,pkg:npm/%40esbuild/sunos-x64@0.24.2,MIT
@esbuild/win32-arm64,0.24.2,library,pkg:npm/%40esbuild/win32-arm64@0.24.2,MIT
@esbuild/win32-ia32,0.24.2,library,pkg:npm/%40esbuild/win32-ia32@0.24.2,MIT
@esbuild/win32-x64,0.24.2,library,pkg:npm/%40esbuild/win32-x64@0.24.2,MIT
STruCpp,0.6.0,library,pkg:npm/STruCpp@0.6.0,GPL-3.0-or-later
vitest,3.2.4,framework,pkg:npm/vitest@3.2.4,MIT
@types/chai,5.2.3,library,pkg:npm/%40types/chai@5.2.3,MIT
@types/deep-eql,4.0.2,library,pkg:npm/%40types/deep-eql@4.0.2,MIT
assertion-error,2.0.1,framework,pkg:npm/assertion-error@2.0.1,MIT
@vitest/expect,3.2.4,library,pkg:npm/%40vitest/expect@3.2.4,MIT
@vitest/spy,3.2.4,library,pkg:npm/%40vitest/spy@3.2.4,MIT
tinyspy,4.0.4,library,pkg:npm/tinyspy@4.0.4,MIT
@vitest/utils,3.2.4,library,pkg:npm/%40vitest/utils@3.2.4,MIT
@vitest/pretty-format,3.2.4,library,pkg:npm/%40vitest/pretty-format@3.2.4,MIT
tinyrainbow,2.0.0,library,pkg:npm/tinyrainbow@2.0.0,MIT
loupe,3.2.1,library,pkg:npm/loupe@3.2.1,MIT
chai,5.3.3,framework,pkg:npm/chai@5.3.3,MIT
check-error,2.1.3,library,pkg:npm/check-error@2.1.3,MIT
deep-eql,5.0.2,library,pkg:npm/deep-eql@5.0.2,MIT
pathval,2.0.1,library,pkg:npm/pathval@2.0.1,MIT
@vitest/mocker,3.2.4,library,pkg:npm/%40vitest/mocker@3.2.4,MIT
vite,7.3.1,library,pkg:npm/vite@7.3.1,MIT
esbuild,0.27.3,library,pkg:npm/esbuild@0.27.3,MIT
@esbuild/aix-ppc64,0.27.3,library,pkg:npm/%40esbuild/aix-ppc64@0.27.3,MIT
@esbuild/android-arm,0.27.3,library,pkg:npm/%40esbuild/android-arm@0.27.3,MIT
@esbuild/android-arm64,0.27.3,library,pkg:npm/%40esbuild/android-arm64@0.27.3,MIT
@esbuild/android-x64,0.27.3,library,pkg:npm/%40esbuild/android-x64@0.27.3,MIT
@esbuild/darwin-arm64,0.27.3,library,pkg:npm/%40esbuild/darwin-arm64@0.27.3,MIT
@esbuild/darwin-x64,0.27.3,library,pkg:npm/%40esbuild/darwin-x64@0.27.3,MIT
@esbuild/freebsd-arm64,0.27.3,library,pkg:npm/%40esbuild/freebsd-arm64@0.27.3,MIT
@esbuild/freebsd-x64,0.27.3,library,pkg:npm/%40esbuild/freebsd-x64@0.27.3,MIT
@esbuild/linux-arm,0.27.3,library,pkg:npm/%40esbuild/linux-arm@0.27.3,MIT
@esbuild/linux-arm64,0.27.3,library,pkg:npm/%40esbuild/linux-arm64@0.27.3,MIT
@esbuild/linux-ia32,0.27.3,library,pkg:npm/%40esbuild/linux-ia32@0.27.3,MIT
@esbuild/linux-loong64,0.27.3,library,pkg:npm/%40esbuild/linux-loong64@0.27.3,MIT
@esbuild/linux-mips64el,0.27.3,library,pkg:npm/%40esbuild/linux-mips64el@0.27.3,MIT
@esbuild/linux-ppc64,0.27.3,library,pkg:npm/%40esbuild/linux-ppc64@0.27.3,MIT
@esbuild/linux-riscv64,0.27.3,library,pkg:npm/%40esbuild/linux-riscv64@0.27.3,MIT
@esbuild/linux-s390x,0.27.3,library,pkg:npm/%40esbuild/linux-s390x@0.27.3,MIT
@esbuild/linux-x64,0.27.3,library,pkg:npm/%40esbuild/linux-x64@0.27.3,MIT
@esbuild/netbsd-arm64,0.27.3,library,pkg:npm/%40esbuild/netbsd-arm64@0.27.3,MIT
@esbuild/netbsd-x64,0.27.3,library,pkg:npm/%40esbuild/netbsd-x64@0.27.3,MIT
@esbuild/openbsd-arm64,0.27.3,library,pkg:npm/%40esbuild/openbsd-arm64@0.27.3,MIT
@esbuild/openbsd-x64,0.27.3,library,pkg:npm/%40esbuild/openbsd-x64@0.27.3,MIT
@esbuild/openharmony-arm64,0.27.3,library,pkg:npm/%40esbuild/openharmony-arm64@0.27.3,MIT
@esbuild/sunos-x64,0.27.3,library,pkg:npm/%40esbuild/sunos-x64@0.27.3,MIT
@esbuild/win32-arm64,0.27.3,library,pkg:npm/%40esbuild/win32-arm64@0.27.3,MIT
@esbuild/win32-ia32,0.27.3,library,pkg:npm/%40esbuild/win32-ia32@0.27.3,MIT
@esbuild/win32-x64,0.27.3,library,pkg:npm/%40esbuild/win32-x64@0.27.3,MIT
picomatch,4.0.3,library,pkg:npm/picomatch@4.0.3,MIT
postcss,8.5.8,library,pkg:npm/postcss@8.5.8,MIT
rollup,4.59.0,library,pkg:npm/rollup@4.59.0,MIT
@rollup/rollup-android-arm-eabi,4.59.0,library,pkg:npm/%40rollup/rollup-android-arm-eabi@4.59.0,MIT
@rollup/rollup-android-arm64,4.59.0,library,pkg:npm/%40rollup/rollup-android-arm64@4.59.0,MIT
@rollup/rollup-darwin-arm64,4.59.0,library,pkg:npm/%40rollup/rollup-darwin-arm64@4.59.0,MIT
@rollup/rollup-darwin-x64,4.59.0,library,pkg:npm/%40rollup/rollup-darwin-x64@4.59.0,MIT
@rollup/rollup-freebsd-arm64,4.59.0,library,pkg:npm/%40rollup/rollup-freebsd-arm64@4.59.0,MIT
@rollup/rollup-freebsd-x64,4.59.0,library,pkg:npm/%40rollup/rollup-freebsd-x64@4.59.0,MIT
@rollup/rollup-linux-arm-gnueabihf,4.59.0,library,pkg:npm/%40rollup/rollup-linux-arm-gnueabihf@4.59.0,MIT
@rollup/rollup-linux-arm-musleabihf,4.59.0,library,pkg:npm/%40rollup/rollup-linux-arm-musleabihf@4.59.0,MIT
@rollup/rollup-linux-arm64-gnu,4.59.0,library,pkg:npm/%40rollup/rollup-linux-arm64-gnu@4.59.0,MIT
@rollup/rollup-linux-arm64-musl,4.59.0,library,pkg:npm/%40rollup/rollup-linux-arm64-musl@4.59.0,MIT
@rollup/rollup-linux-loong64-gnu,4.59.0,library,pkg:npm/%40rollup/rollup-linux-loong64-gnu@4.59.0,MIT
@rollup/rollup-linux-loong64-musl,4.59.0,library,pkg:npm/%40rollup/rollup-linux-loong64-musl@4.59.0,MIT
@rollup/rollup-linux-ppc64-gnu,4.59.0,library,pkg:npm/%40rollup/rollup-linux-ppc64-gnu@4.59.0,MIT
@rollup/rollup-linux-ppc64-musl,4.59.0,library,pkg:npm/%40rollup/rollup-linux-ppc64-musl@4.59.0,MIT
@rollup/rollup-linux-riscv64-gnu,4.59.0,library,pkg:npm/%40rollup/rollup-linux-riscv64-gnu@4.59.0,MIT
@rollup/rollup-linux-riscv64-musl,4.59.0,library,pkg:npm/%40rollup/rollup-linux-riscv64-musl@4.59.0,MIT
@rollup/rollup-linux-s390x-gnu,4.59.0,library,pkg:npm/%40rollup/rollup-linux-s390x-gnu@4.59.0,MIT
@rollup/rollup-linux-x64-gnu,4.59.0,library,pkg:npm/%40rollup/rollup-linux-x64-gnu@4.59.0,MIT
@rollup/rollup-linux-x64-musl,4.59.0,library,pkg:npm/%40rollup/rollup-linux-x64-musl@4.59.0,MIT
@rollup/rollup-openbsd-x64,4.59.0,library,pkg:npm/%40rollup/rollup-openbsd-x64@4.59.0,MIT
@rollup/rollup-openharmony-arm64,4.59.0,library,pkg:npm/%40rollup/rollup-openharmony-arm64@4.59.0,MIT
@rollup/rollup-win32-arm64-msvc,4.59.0,library,pkg:npm/%40rollup/rollup-win32-arm64-msvc@4.59.0,MIT
@rollup/rollup-win32-ia32-msvc,4.59.0,library,pkg:npm/%40rollup/rollup-win32-ia32-msvc@4.59.0,MIT
@rollup/rollup-win32-x64-gnu,4.59.0,library,pkg:npm/%40rollup/rollup-win32-x64-gnu@4.59.0,MIT
@rollup/rollup-win32-x64-msvc,4.59.0,library,pkg:npm/%40rollup/rollup-win32-x64-msvc@4.59.0,MIT
tinyglobby,0.2.15,library,pkg:npm/tinyglobby@0.2.15,MIT
@vitest/runner,3.2.4,library,pkg:npm/%40vitest/runner@3.2.4,MIT
strip-literal,3.1.0,library,pkg:npm/strip-literal@3.1.0,MIT
@vitest/snapshot,3.2.4,library,pkg:npm/%40vitest/snapshot@3.2.4,MIT
expect-type,1.3.0,library,pkg:npm/expect-type@1.3.0,Apache-2.0
tinyexec,0.3.2,library,pkg:npm/tinyexec@0.3.2,MIT
tinypool,1.1.1,library,pkg:npm/tinypool@1.1.1,MIT
vite-node,3.2.4,library,pkg:npm/vite-node@3.2.4,MIT
es-module-lexer,1.7.0,library,pkg:npm/es-module-lexer@1.7.0,MIT
vscode-languageclient,9.0.1,library,pkg:npm/vscode-languageclient@9.0.1,MIT
minimatch,5.1.9,library,pkg:npm/minimatch@5.1.9,ISC
vscode-languageserver-protocol,3.17.5,library,pkg:npm/vscode-languageserver-protocol@3.17.5,MIT
vscode-jsonrpc,8.2.0,library,pkg:npm/vscode-jsonrpc@8.2.0,MIT
vscode-languageserver-types,3.17.5,library,pkg:npm/vscode-languageserver-types@3.17.5,MIT
vscode-languageserver,9.0.1,library,pkg:npm/vscode-languageserver@9.0.1,MIT
vscode-languageserver-textdocument,1.0.12,library,pkg:npm/vscode-languageserver-textdocument@1.0.12,MIT
vscode-uri,3.1.0,library,pkg:npm/vscode-uri@3.1.0,MIT